"datasetName","decimalLongitude","decimalLatitude","depth","scientificName"
"gbif",-42.288895,-22.938775,NA,"Dactylopterus volitans"
"gbif",-43.176417,-22.994415,NA,"Dactylopterus volitans"
"gbif",6.462393,37.084909,NA,"Dactylopterus volitans"
"gbif",-67.168947,18.472243,NA,"Dactylopterus volitans"
"gbif",-44.279129,-23.014619,NA,"Dactylopterus volitans"
"gbif",-86.793512,21.144459,NA,"Dactylopterus volitans"
"gbif",-70.052447,12.604672,NA,"Dactylopterus volitans"
"gbif",-16.771705,14.029178,NA,"Dactylopterus volitans"
"gbif",23.698859,39.088752,NA,"Dactylopterus volitans"
"gbif",2.740545,39.449634,NA,"Dactylopterus volitans"
"gbif",10.877323,42.368025,NA,"Dactylopterus volitans"
"gbif",2.741765,39.448435,NA,"Dactylopterus volitans"
"gbif",2.742548,39.447788,NA,"Dactylopterus volitans"
"gbif",-81.741386,12.521525,NA,"Dactylopterus volitans"
"gbif",-3.728723,36.720843,NA,"Dactylopterus volitans"
"gbif",9.106261,41.421,NA,"Dactylopterus volitans"
"gbif",-77.153114,18.42853,NA,"Dactylopterus volitans"
"gbif",4.053591,40.05219,NA,"Dactylopterus volitans"
"gbif",20.569633,38.091298,NA,"Dactylopterus volitans"
"gbif",-54.278187,-34.6841,NA,"Dactylopterus volitans"
"gbif",23.684955,40.193427,NA,"Dactylopterus volitans"
"gbif",-58.565856,-38.55105,NA,"Dactylopterus volitans"
"gbif",-1.153926,37.540458,NA,"Dactylopterus volitans"
"gbif",1.392308,38.731004,NA,"Dactylopterus volitans"
"gbif",-63.263442,17.634067,NA,"Dactylopterus volitans"
"gbif",-63.259275,17.633238,NA,"Dactylopterus volitans"
"gbif",12.909748,41.387356,NA,"Dactylopterus volitans"
"gbif",-63.944251,44.657141,NA,"Dactylopterus volitans"
"gbif",-63.264091,17.620576,NA,"Dactylopterus volitans"
"gbif",-82.660371,9.636069,NA,"Dactylopterus volitans"
"gbif",33.005539,34.617847,NA,"Dactylopterus volitans"
"gbif",-89.666009,21.290365,NA,"Dactylopterus volitans"
"gbif",3.209454,41.916332,NA,"Dactylopterus volitans"
"gbif",0.010132,38.865475,NA,"Dactylopterus volitans"
"gbif",-68.985271,12.133924,NA,"Dactylopterus volitans"
"gbif",-43.16548,-22.990787,NA,"Dactylopterus volitans"
"gbif",-81.119334,22.120637,NA,"Dactylopterus volitans"
"gbif",-81.270147,19.351058,NA,"Dactylopterus volitans"
"gbif",-81.729409,12.518484,NA,"Dactylopterus volitans"
"gbif",18.662894,42.365361,NA,"Dactylopterus volitans"
"gbif",7.237969,43.680367,NA,"Dactylopterus volitans"
"gbif",7.246095,43.687389,NA,"Dactylopterus volitans"
"gbif",17.20944,40.408868,NA,"Dactylopterus volitans"
"gbif",9.472741,39.132195,NA,"Dactylopterus volitans"
"gbif",-69.968338,12.52162,NA,"Dactylopterus volitans"
"gbif",-80.044254,26.782984,NA,"Dactylopterus volitans"
"gbif",14.344284,35.93404,NA,"Dactylopterus volitans"
"gbif",3.059085,42.538126,NA,"Dactylopterus volitans"
"gbif",3.058447,42.536637,NA,"Dactylopterus volitans"
"gbif",3.058573,42.536417,NA,"Dactylopterus volitans"
"gbif",-74.227787,11.15487,NA,"Dactylopterus volitans"
"gbif",7.183845,36.996504,NA,"Dactylopterus volitans"
"gbif",-60.973655,45.528336,NA,"Dactylopterus volitans"
"gbif",-63.934948,44.63248,NA,"Dactylopterus volitans"
"gbif",-8.7638,43.3186,46,"Dactylopterus volitans"
"gbif",-8.76,43.32,NA,"Dactylopterus volitans"
"gbif",-43.20245,-23.033885,NA,"Dactylopterus volitans"
"gbif",-86.972449,20.485278,NA,"Dactylopterus volitans"
"gbif",-62.848508,17.891213,NA,"Dactylopterus volitans"
"gbif",23.323827,39.151353,NA,"Dactylopterus volitans"
"gbif",-82.142522,9.255185,NA,"Dactylopterus volitans"
"gbif",-80.044685,26.782915,NA,"Dactylopterus volitans"
"gbif",7.648342,43.781012,NA,"Dactylopterus volitans"
"gbif",-87.707885,18.708028,NA,"Dactylopterus volitans"
"gbif",3.208984,41.916813,NA,"Dactylopterus volitans"
"gbif",5.347821,43.229036,NA,"Dactylopterus volitans"
"gbif",-87.46535,15.77326,NA,"Dactylopterus volitans"
"gbif",17.297248,40.377449,NA,"Dactylopterus volitans"
"gbif",-86.993588,20.472701,NA,"Dactylopterus volitans"
"gbif",17.12711,39.080793,NA,"Dactylopterus volitans"
"gbif",20.604304,38.624125,NA,"Dactylopterus volitans"
"gbif",3.125282,42.214137,NA,"Dactylopterus volitans"
"gbif",-81.31313,19.271623,NA,"Dactylopterus volitans"
"gbif",-68.983968,12.11046,NA,"Dactylopterus volitans"
"gbif",-69.026961,12.143384,NA,"Dactylopterus volitans"
"gbif",-80.044444,26.783231,NA,"Dactylopterus volitans"
"gbif",-68.966977,12.11724,NA,"Dactylopterus volitans"
"gbif",-80.040597,26.783365,NA,"Dactylopterus volitans"
"gbif",-61.18065,14.72999,NA,"Dactylopterus volitans"
"gbif",-68.969679,12.121913,NA,"Dactylopterus volitans"
"gbif",-61.764437,12.023785,NA,"Dactylopterus volitans"
"gbif",-39.200278,-17.828611,NA,"Dactylopterus volitans"
"gbif",-39.181667,-17.759444,NA,"Dactylopterus volitans"
"gbif",-44.278558,-23.124924,NA,"Dactylopterus volitans"
"gbif",-74.24058,11.21917,NA,"Dactylopterus volitans"
"gbif",-74.20697,11.27335,NA,"Dactylopterus volitans"
"gbif",3.20855,41.916694,NA,"Dactylopterus volitans"
"gbif",3.208636,41.916774,NA,"Dactylopterus volitans"
"gbif",3.208708,41.916642,NA,"Dactylopterus volitans"
"gbif",2.3766,39.536,15,"Dactylopterus volitans"
"gbif",26.208938,39.46694,NA,"Dactylopterus volitans"
"gbif",-69.151315,12.318043,NA,"Dactylopterus volitans"
"gbif",15.8263,38.619478,NA,"Dactylopterus volitans"
"gbif",23.338677,39.202068,NA,"Dactylopterus volitans"
"gbif",-74.2397,11.20797,NA,"Dactylopterus volitans"
"gbif",3.166441,41.862614,NA,"Dactylopterus volitans"
"gbif",-80.04407,26.783003,NA,"Dactylopterus volitans"
"gbif",-84.5161,28.4433,28,"Dactylopterus volitans"
"gbif",-86.951005,20.484722,NA,"Dactylopterus volitans"
"gbif",-81.716394,12.555902,NA,"Dactylopterus volitans"
"gbif",-81.690855,12.566334,NA,"Dactylopterus volitans"
"gbif",-44.230542,-23.109408,NA,"Dactylopterus volitans"
"gbif",-44.144081,-23.16907,NA,"Dactylopterus volitans"
"gbif",-62.990555,17.48208,NA,"Dactylopterus volitans"
"gbif",-39.181389,-17.751944,NA,"Dactylopterus volitans"
"gbif",17.312072,40.36121,NA,"Dactylopterus volitans"
"gbif",-64.978137,18.341895,NA,"Dactylopterus volitans"
"gbif",7.652152,43.780304,NA,"Dactylopterus volitans"
"gbif",-71.672745,17.914532,NA,"Dactylopterus volitans"
"gbif",-70.562675,18.216815,NA,"Dactylopterus volitans"
"gbif",-60.965848,14.756833,NA,"Dactylopterus volitans"
"gbif",-61.154659,14.655996,NA,"Dactylopterus volitans"
"gbif",6.690227,0.403352,NA,"Dactylopterus volitans"
"gbif",6.690225,0.403318,NA,"Dactylopterus volitans"
"gbif",-61.794923,12.008061,NA,"Dactylopterus volitans"
"gbif",-70.560572,18.218325,NA,"Dactylopterus volitans"
"gbif",-70.564241,18.21941,NA,"Dactylopterus volitans"
"gbif",-79.848611,15.793972,15,"Dactylopterus volitans"
"gbif",-59.602013,13.067341,NA,"Dactylopterus volitans"
"gbif",-59.584265,13.069592,NA,"Dactylopterus volitans"
"gbif",-42.833389,-22.9565,NA,"Dactylopterus volitans"
"gbif",-44.315759,-23.005735,NA,"Dactylopterus volitans"
"gbif",-60.881495,14.443092,NA,"Dactylopterus volitans"
"gbif",2.692984,39.791512,NA,"Dactylopterus volitans"
"gbif",-61.4649,15.5549,0,"Dactylopterus volitans"
"gbif",-74.527473,24.041212,NA,"Dactylopterus volitans"
"gbif",-39.6975,-19.749167,NA,"Dactylopterus volitans"
"gbif",-69.151289,12.318116,NA,"Dactylopterus volitans"
"gbif",-72.495531,40.881574,NA,"Dactylopterus volitans"
"gbif",-61.577783,47.522683,NA,"Dactylopterus volitans"
"gbif",-81.718098,12.536642,NA,"Dactylopterus volitans"
"gbif",-61.35356,16.23467,NA,"Dactylopterus volitans"
"gbif",-75.582339,10.309271,NA,"Dactylopterus volitans"
"gbif",-74.52816,24.03016,NA,"Dactylopterus volitans"
"gbif",-86.848397,20.809369,40,"Dactylopterus volitans"
"gbif",-86.896032,16.098915,NA,"Dactylopterus volitans"
"gbif",2.4393,39.529,10,"Dactylopterus volitans"
"gbif",-61.21764,14.78562,NA,"Dactylopterus volitans"
"gbif",14.272312,36.018898,NA,"Dactylopterus volitans"
"gbif",14.272635,36.018153,NA,"Dactylopterus volitans"
"gbif",-0.12,38.5,NA,"Dactylopterus volitans"
"gbif",-0.12,38.51,NA,"Dactylopterus volitans"
"gbif",0.03,38.62,NA,"Dactylopterus volitans"
"gbif",0.01,38.62,NA,"Dactylopterus volitans"
"gbif",0.04,38.62,NA,"Dactylopterus volitans"
"gbif",2.4768,39.486,10,"Dactylopterus volitans"
"gbif",-0.33,38.44,NA,"Dactylopterus volitans"
"gbif",3.207778,41.917222,NA,"Dactylopterus volitans"
"gbif",3.122341,39.833052,NA,"Dactylopterus volitans"
"gbif",34.428866,31.518349,NA,"Dactylopterus volitans"
"gbif",-0.04,38.56,NA,"Dactylopterus volitans"
"gbif",-23.766157,15.277094,NA,"Dactylopterus volitans"
"gbif",-78.726826,9.499519,NA,"Dactylopterus volitans"
"gbif",-74.533155,24.068598,NA,"Dactylopterus volitans"
"gbif",-61.499668,12.467493,NA,"Dactylopterus volitans"
"gbif",-44.349789,-23.148705,NA,"Dactylopterus volitans"
"gbif",-61.79844,16.30894,NA,"Dactylopterus volitans"
"gbif",2.54183,41.5707,NA,"Dactylopterus volitans"
"gbif",-86.867317,20.866853,1,"Dactylopterus volitans"
"gbif",-75.616706,10.220227,NA,"Dactylopterus volitans"
"gbif",-82.84752,24.66164,11.8,"Dactylopterus volitans"
"gbif",-82.84743,24.66147,11.6,"Dactylopterus volitans"
"gbif",-82.83127,24.72269,19.2,"Dactylopterus volitans"
"gbif",-82.8312,24.72261,18.8,"Dactylopterus volitans"
"gbif",-82.81369,24.72397,17.7,"Dactylopterus volitans"
"gbif",-82.81352,24.72389,17,"Dactylopterus volitans"
"gbif",-82.91853,24.57858,11,"Dactylopterus volitans"
"gbif",-82.9184,24.57854,10.9,"Dactylopterus volitans"
"gbif",-82.91179,24.58276,10.7,"Dactylopterus volitans"
"gbif",-82.91177,24.58263,11.2,"Dactylopterus volitans"
"gbif",-82.9031,24.584,10.1,"Dactylopterus volitans"
"gbif",-82.90295,24.58394,9,"Dactylopterus volitans"
"gbif",-82.87609,24.5913,14,"Dactylopterus volitans"
"gbif",-82.77443,24.71897,24.7,"Dactylopterus volitans"
"gbif",-82.77438,24.71905,25,"Dactylopterus volitans"
"gbif",-82.87611,24.59122,14.2,"Dactylopterus volitans"
"gbif",-82.78387,24.72394,19.7,"Dactylopterus volitans"
"gbif",-82.79657,24.72251,14.2,"Dactylopterus volitans"
"gbif",-82.79674,24.72246,13.6,"Dactylopterus volitans"
"gbif",-82.80699,24.72444,16,"Dactylopterus volitans"
"gbif",-82.7849,24.72247,16,"Dactylopterus volitans"
"gbif",-82.78513,24.72254,15.1,"Dactylopterus volitans"
"gbif",-82.80699,24.72444,16.2,"Dactylopterus volitans"
"gbif",-82.78421,24.72431,19.4,"Dactylopterus volitans"
"gbif",-82.79601,24.73138,17.4,"Dactylopterus volitans"
"gbif",-82.77402,24.72437,27.6,"Dactylopterus volitans"
"gbif",-82.79098,24.72431,14.9,"Dactylopterus volitans"
"gbif",-82.77454,24.72407,27,"Dactylopterus volitans"
"gbif",-82.79597,24.73296,17.9,"Dactylopterus volitans"
"gbif",-82.79601,24.73138,17.9,"Dactylopterus volitans"
"gbif",-82.79076,24.72426,13.9,"Dactylopterus volitans"
"gbif",-82.79569,24.73287,18.5,"Dactylopterus volitans"
"gbif",-82.91268,24.59417,13.3,"Dactylopterus volitans"
"gbif",-82.86995,24.59754,14.8,"Dactylopterus volitans"
"gbif",-82.86997,24.59759,19.4,"Dactylopterus volitans"
"gbif",-82.91248,24.59421,9,"Dactylopterus volitans"
"gbif",-82.91592,24.59817,16.6,"Dactylopterus volitans"
"gbif",-82.91572,24.59812,15.3,"Dactylopterus volitans"
"gbif",-82.79432,24.71257,11.8,"Dactylopterus volitans"
"gbif",-82.8657,24.61817,10.7,"Dactylopterus volitans"
"gbif",-82.86556,24.61817,10.1,"Dactylopterus volitans"
"gbif",-82.79417,24.71249,11,"Dactylopterus volitans"
"gbif",-82.85535,24.62695,12.7,"Dactylopterus volitans"
"gbif",-82.85545,24.62691,12.2,"Dactylopterus volitans"
"gbif",-82.85803,24.63481,10.7,"Dactylopterus volitans"
"gbif",-82.85799,24.63475,10.7,"Dactylopterus volitans"
"gbif",-82.79584,24.71944,11.6,"Dactylopterus volitans"
"gbif",-82.85971,24.6239,7.8,"Dactylopterus volitans"
"gbif",-82.8351,24.72097,11.9,"Dactylopterus volitans"
"gbif",-82.85974,24.62397,7.9,"Dactylopterus volitans"
"gbif",-82.79584,24.71944,12.1,"Dactylopterus volitans"
"gbif",-82.83505,24.72117,12.2,"Dactylopterus volitans"
"gbif",-82.78839,24.72244,14.2,"Dactylopterus volitans"
"gbif",-82.78831,24.72245,13.6,"Dactylopterus volitans"
"gbif",-82.91104,24.57336,10.9,"Dactylopterus volitans"
"gbif",-82.9112,24.57342,10.1,"Dactylopterus volitans"
"gbif",-82.87807,24.59467,6.3,"Dactylopterus volitans"
"gbif",-82.87792,24.59478,6.9,"Dactylopterus volitans"
"gbif",-82.88532,24.59285,5.8,"Dactylopterus volitans"
"gbif",-82.8852,24.59281,6.7,"Dactylopterus volitans"
"gbif",-82.87302,24.59544,6.1,"Dactylopterus volitans"
"gbif",-82.8992,24.5874,7.9,"Dactylopterus volitans"
"gbif",-82.90933,24.59309,8.1,"Dactylopterus volitans"
"gbif",-82.91606,24.59859,9,"Dactylopterus volitans"
"gbif",-82.89432,24.5891,11.5,"Dactylopterus volitans"
"gbif",-82.8942,24.58913,11.9,"Dactylopterus volitans"
"gbif",-82.87302,24.59555,6.1,"Dactylopterus volitans"
"gbif",-82.89911,24.58745,8.5,"Dactylopterus volitans"
"gbif",-82.82343,24.6782,9,"Dactylopterus volitans"
"gbif",-82.83448,24.66708,5.1,"Dactylopterus volitans"
"gbif",-82.83452,24.66692,6.4,"Dactylopterus volitans"
"gbif",-82.84505,24.66157,6.7,"Dactylopterus volitans"
"gbif",-82.823,24.67828,9.8,"Dactylopterus volitans"
"gbif",-82.8449,24.66122,6.4,"Dactylopterus volitans"
"gbif",-82.90782,24.58149,12.2,"Dactylopterus volitans"
"gbif",-82.90793,24.58152,10.6,"Dactylopterus volitans"
"gbif",-82.88802,24.5811,14.9,"Dactylopterus volitans"
"gbif",-82.87199,24.59263,9.4,"Dactylopterus volitans"
"gbif",-82.87194,24.59255,12.1,"Dactylopterus volitans"
"gbif",-82.88788,24.58103,16.3,"Dactylopterus volitans"
"gbif",-82.77487,24.72315,24.9,"Dactylopterus volitans"
"gbif",-82.81731,24.67177,12.2,"Dactylopterus volitans"
"gbif",-82.81736,24.67177,12.2,"Dactylopterus volitans"
"gbif",-82.82604,24.6753,7.8,"Dactylopterus volitans"
"gbif",-82.82599,24.67526,6.4,"Dactylopterus volitans"
"gbif",-82.79196,24.71284,13.7,"Dactylopterus volitans"
"gbif",-82.79286,24.71294,13,"Dactylopterus volitans"
"gbif",-82.90636,24.57074,16.8,"Dactylopterus volitans"
"gbif",-82.90625,24.5707,16.5,"Dactylopterus volitans"
"gbif",-82.96551,24.62914,19.2,"Dactylopterus volitans"
"gbif",-82.96562,24.62917,19.7,"Dactylopterus volitans"
"gbif",-82.93805,24.65861,20.6,"Dactylopterus volitans"
"gbif",-82.93813,24.65862,23.5,"Dactylopterus volitans"
"gbif",-82.93748,24.6604,18.8,"Dactylopterus volitans"
"gbif",-82.93757,24.66054,15.9,"Dactylopterus volitans"
"gbif",-82.92972,24.66641,22.5,"Dactylopterus volitans"
"gbif",-82.92978,24.66625,21.7,"Dactylopterus volitans"
"gbif",-82.92805,24.66931,16.6,"Dactylopterus volitans"
"gbif",-82.92787,24.66907,18.8,"Dactylopterus volitans"
"gbif",-82.92753,24.6703,16.5,"Dactylopterus volitans"
"gbif",-82.92766,24.67044,14.1,"Dactylopterus volitans"
"gbif",-82.88605,24.6907,11.5,"Dactylopterus volitans"
"gbif",-82.88586,24.69088,10.1,"Dactylopterus volitans"
"gbif",-82.89741,24.71539,25.5,"Dactylopterus volitans"
"gbif",-82.89736,24.71545,25.9,"Dactylopterus volitans"
"gbif",-82.90057,24.62496,9,"Dactylopterus volitans"
"gbif",-82.90051,24.62506,9,"Dactylopterus volitans"
"gbif",-82.89712,24.6288,8.7,"Dactylopterus volitans"
"gbif",-82.89717,24.62872,6.9,"Dactylopterus volitans"
"gbif",-82.9682,24.63098,23.7,"Dactylopterus volitans"
"gbif",-82.9682,24.63098,18.6,"Dactylopterus volitans"
"gbif",-82.87207,24.7054,9.5,"Dactylopterus volitans"
"gbif",-82.87213,24.70547,10.1,"Dactylopterus volitans"
"gbif",-82.888,24.71241,15.9,"Dactylopterus volitans"
"gbif",-82.77487,24.72315,25.8,"Dactylopterus volitans"
"gbif",-82.88813,24.71251,14.8,"Dactylopterus volitans"
"gbif",-82.85492,24.72068,15.1,"Dactylopterus volitans"
"gbif",-82.855,24.72066,14.3,"Dactylopterus volitans"
"gbif",-82.81002,24.72665,16.7,"Dactylopterus volitans"
"gbif",-82.8101,24.72669,17.3,"Dactylopterus volitans"
"gbif",-82.80516,24.72624,17.6,"Dactylopterus volitans"
"gbif",-82.8054,24.72634,16.5,"Dactylopterus volitans"
"gbif",-82.80428,24.72845,16.9,"Dactylopterus volitans"
"gbif",-82.80449,24.72842,17.7,"Dactylopterus volitans"
"gbif",-82.81263,24.72683,19.7,"Dactylopterus volitans"
"gbif",-82.81263,24.72683,18.2,"Dactylopterus volitans"
"gbif",-82.8044,24.72981,18.2,"Dactylopterus volitans"
"gbif",-82.80103,24.72981,16.6,"Dactylopterus volitans"
"gbif",-82.80102,24.72987,17.4,"Dactylopterus volitans"
"gbif",-82.8044,24.72981,17,"Dactylopterus volitans"
"gbif",-82.96124,24.63434,19.1,"Dactylopterus volitans"
"gbif",-82.95759,24.6376,19.5,"Dactylopterus volitans"
"gbif",-82.96125,24.63445,21.8,"Dactylopterus volitans"
"gbif",-82.85211,24.6625,12.4,"Dactylopterus volitans"
"gbif",-82.95759,24.6376,14.3,"Dactylopterus volitans"
"gbif",-82.85198,24.66254,11.6,"Dactylopterus volitans"
"gbif",-82.93291,24.66394,23.1,"Dactylopterus volitans"
"gbif",-82.93297,24.664,19.1,"Dactylopterus volitans"
"gbif",-82.88623,24.68882,10.9,"Dactylopterus volitans"
"gbif",-82.89729,24.68342,5.5,"Dactylopterus volitans"
"gbif",-82.89718,24.6833,5.7,"Dactylopterus volitans"
"gbif",-82.88634,24.68876,11.9,"Dactylopterus volitans"
"gbif",-82.85414,24.62622,20,"Dactylopterus volitans"
"gbif",-82.85453,24.6332,15.7,"Dactylopterus volitans"
"gbif",-82.85458,24.63329,15.2,"Dactylopterus volitans"
"gbif",-82.85406,24.62615,19.8,"Dactylopterus volitans"
"gbif",-82.96174,24.63976,21.5,"Dactylopterus volitans"
"gbif",-82.96163,24.63984,20.1,"Dactylopterus volitans"
"gbif",-82.92896,24.64454,10,"Dactylopterus volitans"
"gbif",-82.89927,24.62664,8.4,"Dactylopterus volitans"
"gbif",-82.89918,24.62669,6.6,"Dactylopterus volitans"
"gbif",-82.92916,24.64455,11.6,"Dactylopterus volitans"
"gbif",-82.9046,24.6801,8.7,"Dactylopterus volitans"
"gbif",-82.84983,24.71836,13.1,"Dactylopterus volitans"
"gbif",-82.8841,24.68836,10.9,"Dactylopterus volitans"
"gbif",-82.9046,24.68013,8.5,"Dactylopterus volitans"
"gbif",-82.88404,24.68837,7.9,"Dactylopterus volitans"
"gbif",-82.84991,24.71847,12.2,"Dactylopterus volitans"
"gbif",-82.9023,24.61355,10.2,"Dactylopterus volitans"
"gbif",-82.92976,24.64182,7.9,"Dactylopterus volitans"
"gbif",-82.90234,24.61347,10.2,"Dactylopterus volitans"
"gbif",-82.92975,24.64171,7.8,"Dactylopterus volitans"
"gbif",-82.90254,24.61107,9.2,"Dactylopterus volitans"
"gbif",-82.90253,24.61098,8.5,"Dactylopterus volitans"
"gbif",-82.86584,24.71568,12.8,"Dactylopterus volitans"
"gbif",-82.86568,24.71573,13.9,"Dactylopterus volitans"
"gbif",-82.85932,24.71788,13.4,"Dactylopterus volitans"
"gbif",-82.85909,24.71781,13.1,"Dactylopterus volitans"
"gbif",-82.91073,24.60205,16,"Dactylopterus volitans"
"gbif",-82.91083,24.60206,16.5,"Dactylopterus volitans"
"gbif",-82.90176,24.62324,9,"Dactylopterus volitans"
"gbif",-82.90158,24.62318,6.9,"Dactylopterus volitans"
"gbif",-82.9668,24.63298,21.4,"Dactylopterus volitans"
"gbif",-82.96688,24.63284,22.9,"Dactylopterus volitans"
"gbif",-82.96698,24.64062,19.7,"Dactylopterus volitans"
"gbif",-82.96701,24.64076,21.7,"Dactylopterus volitans"
"gbif",-82.90752,24.6868,14.8,"Dactylopterus volitans"
"gbif",-82.90749,24.68691,10,"Dactylopterus volitans"
"gbif",-82.9652,24.64182,23.7,"Dactylopterus volitans"
"gbif",-82.9653,24.64187,23.2,"Dactylopterus volitans"
"gbif",-82.96927,24.64278,21.3,"Dactylopterus volitans"
"gbif",-82.96938,24.64275,22.1,"Dactylopterus volitans"
"gbif",-82.96605,24.6434,23.4,"Dactylopterus volitans"
"gbif",-82.96605,24.64349,20.4,"Dactylopterus volitans"
"gbif",-83.0779,24.61877,13.4,"Dactylopterus volitans"
"gbif",-82.90632,24.70905,18,"Dactylopterus volitans"
"gbif",-82.90621,24.70901,17.1,"Dactylopterus volitans"
"gbif",-83.07785,24.61866,13.3,"Dactylopterus volitans"
"gbif",-83.10155,24.6296,22.9,"Dactylopterus volitans"
"gbif",-83.10137,24.62966,18.3,"Dactylopterus volitans"
"gbif",-83.10195,24.63512,22.3,"Dactylopterus volitans"
"gbif",-83.10196,24.63517,23.1,"Dactylopterus volitans"
"gbif",-83.10301,24.64025,25.6,"Dactylopterus volitans"
"gbif",-83.10308,24.64031,26.4,"Dactylopterus volitans"
"gbif",-83.03131,24.64839,18,"Dactylopterus volitans"
"gbif",-83.03122,24.64845,16.5,"Dactylopterus volitans"
"gbif",-83.0776,24.64562,15.3,"Dactylopterus volitans"
"gbif",-83.07799,24.6455,14.9,"Dactylopterus volitans"
"gbif",-83.079,24.61696,15.9,"Dactylopterus volitans"
"gbif",-83.07749,24.6157,15.2,"Dactylopterus volitans"
"gbif",-83.07762,24.61564,17.7,"Dactylopterus volitans"
"gbif",-83.07909,24.61691,14.5,"Dactylopterus volitans"
"gbif",-83.08408,24.62024,16.6,"Dactylopterus volitans"
"gbif",-83.08431,24.62025,18.6,"Dactylopterus volitans"
"gbif",-83.06636,24.6143,16.4,"Dactylopterus volitans"
"gbif",-83.06645,24.6145,16.8,"Dactylopterus volitans"
"gbif",-83.08522,24.65571,16.8,"Dactylopterus volitans"
"gbif",-83.08521,24.65575,16.5,"Dactylopterus volitans"
"gbif",-83.06291,24.61827,16.4,"Dactylopterus volitans"
"gbif",-83.06285,24.6184,16.4,"Dactylopterus volitans"
"gbif",-83.09573,24.63216,21.3,"Dactylopterus volitans"
"gbif",-83.09574,24.63236,21.6,"Dactylopterus volitans"
"gbif",-83.0661,24.63496,17.1,"Dactylopterus volitans"
"gbif",-83.06009,24.6363,14.2,"Dactylopterus volitans"
"gbif",-83.06589,24.63496,15.9,"Dactylopterus volitans"
"gbif",-83.06005,24.6363,14.2,"Dactylopterus volitans"
"gbif",-83.03122,24.64689,18.3,"Dactylopterus volitans"
"gbif",-83.03123,24.64678,17.1,"Dactylopterus volitans"
"gbif",-83.0309,24.6795,18.5,"Dactylopterus volitans"
"gbif",-83.03093,24.67968,20.9,"Dactylopterus volitans"
"gbif",-82.9858,24.70735,24.6,"Dactylopterus volitans"
"gbif",-82.98592,24.70742,23.8,"Dactylopterus volitans"
"gbif",-83.01771,24.67744,22.4,"Dactylopterus volitans"
"gbif",-83.01755,24.67742,20.1,"Dactylopterus volitans"
"gbif",-83.03184,24.68164,16.5,"Dactylopterus volitans"
"gbif",-83.03193,24.68158,18.3,"Dactylopterus volitans"
"gbif",-83.03253,24.68197,22.7,"Dactylopterus volitans"
"gbif",-83.04323,24.68292,22.3,"Dactylopterus volitans"
"gbif",-83.03258,24.68204,18.5,"Dactylopterus volitans"
"gbif",-83.04343,24.68281,21.2,"Dactylopterus volitans"
"gbif",-83.01199,24.68239,17.1,"Dactylopterus volitans"
"gbif",-83.01206,24.68235,17.6,"Dactylopterus volitans"
"gbif",-83.05077,24.68611,18.5,"Dactylopterus volitans"
"gbif",-83.05065,24.68611,17.4,"Dactylopterus volitans"
"gbif",-82.98219,24.7159,23.7,"Dactylopterus volitans"
"gbif",-82.9822,24.71599,22.8,"Dactylopterus volitans"
"gbif",-83.01771,24.68031,15.4,"Dactylopterus volitans"
"gbif",-83.01753,24.68021,18.1,"Dactylopterus volitans"
"gbif",-83.03402,24.68103,20.9,"Dactylopterus volitans"
"gbif",-83.03372,24.6811,20.6,"Dactylopterus volitans"
"gbif",-82.99427,24.71374,16,"Dactylopterus volitans"
"gbif",-82.98462,24.71959,19.8,"Dactylopterus volitans"
"gbif",-82.99437,24.7137,15.4,"Dactylopterus volitans"
"gbif",-82.98454,24.71949,18.8,"Dactylopterus volitans"
"gbif",-83.00538,24.69482,22.3,"Dactylopterus volitans"
"gbif",-83.00546,24.69488,23.7,"Dactylopterus volitans"
"gbif",-82.98349,24.72132,20.1,"Dactylopterus volitans"
"gbif",-82.98332,24.72103,19.8,"Dactylopterus volitans"
"gbif",-82.98505,24.72407,25,"Dactylopterus volitans"
"gbif",-83.01347,24.68596,22.9,"Dactylopterus volitans"
"gbif",-83.01801,24.69912,28.2,"Dactylopterus volitans"
"gbif",-83.01105,24.65258,24.9,"Dactylopterus volitans"
"gbif",-83.01095,24.65258,25,"Dactylopterus volitans"
"gbif",-82.99015,24.66102,26.2,"Dactylopterus volitans"
"gbif",-82.99678,24.68494,21.5,"Dactylopterus volitans"
"gbif",-83.00539,24.70084,27,"Dactylopterus volitans"
"gbif",-82.82784,24.7232,22.1,"Dactylopterus volitans"
"gbif",-82.7916,24.73307,18.3,"Dactylopterus volitans"
"gbif",-82.96174,24.64361,21,"Dactylopterus volitans"
"gbif",-82.85839,24.629,10.3,"Dactylopterus volitans"
"gbif",-82.93079,24.64285,7.2,"Dactylopterus volitans"
"gbif",-82.93212,24.63895,7,"Dactylopterus volitans"
"gbif",-82.88369,24.71135,13.3,"Dactylopterus volitans"
"gbif",-82.90185,24.71177,18.6,"Dactylopterus volitans"
"gbif",-83.10151,24.65378,23.5,"Dactylopterus volitans"
"gbif",-83.10143,24.65384,24,"Dactylopterus volitans"
"gbif",-83.06002,24.62232,14.6,"Dactylopterus volitans"
"gbif",-82.99329,24.7133,15.5,"Dactylopterus volitans"
"gbif",-83.00756,24.65174,24.9,"Dactylopterus volitans"
"gbif",-83.0326,24.68495,22.1,"Dactylopterus volitans"
"gbif",-83.01446,24.6977,25.5,"Dactylopterus volitans"
"gbif",-83.09311,24.66895,26.4,"Dactylopterus volitans"
"gbif",-83.09585,24.66305,21.5,"Dactylopterus volitans"
"gbif",-83.09575,24.66322,19.4,"Dactylopterus volitans"
"gbif",-82.98568,24.72071,18.5,"Dactylopterus volitans"
"gbif",-83.00241,24.65111,29.2,"Dactylopterus volitans"
"gbif",-83.01354,24.68603,21.8,"Dactylopterus volitans"
"gbif",-82.98482,24.7081,19.5,"Dactylopterus volitans"
"gbif",-82.99008,24.66113,26.5,"Dactylopterus volitans"
"gbif",-82.99685,24.68494,22.1,"Dactylopterus volitans"
"gbif",-82.84185,24.71839,10.4,"Dactylopterus volitans"
"gbif",-82.90735,24.58754,10.6,"Dactylopterus volitans"
"gbif",-82.86662,24.61675,14.5,"Dactylopterus volitans"
"gbif",-82.82665,24.67706,11.5,"Dactylopterus volitans"
"gbif",-82.93205,24.63887,7.9,"Dactylopterus volitans"
"gbif",-82.88388,24.71119,13.7,"Dactylopterus volitans"
"gbif",-82.90627,24.68389,8.5,"Dactylopterus volitans"
"gbif",-83.07493,24.64544,15.9,"Dactylopterus volitans"
"gbif",-82.9903,24.6651,28.2,"Dactylopterus volitans"
"gbif",-83.03263,24.68483,22.4,"Dactylopterus volitans"
"gbif",-83.01459,24.69763,26.7,"Dactylopterus volitans"
"gbif",-83.09313,24.66891,25.5,"Dactylopterus volitans"
"obis",-65.80601556,44.97985204,NA,"Dactylopterus volitans"
"obis",-42,-23,NA,"Dactylopterus volitans"
"obis",-44.2,-23.43333333,NA,"Dactylopterus volitans"
"obis",-25,16.885,NA,"Dactylopterus volitans"
"obis",-65.4684,43.494,NA,"Dactylopterus volitans"
"obis",-79.848611111,15.7939722,15,"Dactylopterus volitans"
"obis",-42.16666667,-22.95,NA,"Dactylopterus volitans"
"obis",-48.5,-27.5,NA,"Dactylopterus volitans"
"obis",-49.06666667,2.95,NA,"Dactylopterus volitans"
"obis",-33.81666667,-3.85,NA,"Dactylopterus volitans"
"obis",-91.57,18.708,NA,"Dactylopterus volitans"
